{"cameraMode":{"drawMode":0,"name":"Shaded","section":"Shading Mode"},"sceneLighting":false,"audioPlay":false,"sceneViewState":{"showFog":true,"showMaterialUpdate":false,"showSkybox":false,"showFlares":true,"showImageEffects":true,"showParticleSystems":true},"in2DMode":false,"pivot":{"x":2.412182331085205,"y":-0.3540611267089844,"z":0.025668621063232423},"rotation":{"x":-0.5516964197158814,"y":0.16070085763931275,"z":-0.10930875688791275,"w":-0.8110872507095337},"size":5.8241047859191898,"orthographic":false}